name,stars,score,ranking,price,price_range,opinions,opinions_excellent,opinions_good,opinions_normal,opinions_bad,opinions_awful,num_qa,nearby_restaurants,nearby_attractions,zone,latitude,longitude,has_swimming_pool,has_bar,has_restaurant,has_breakfast,has_gym,has_ac,admits_pets,rooms,timestamp
W Barcelona,5.0,4.5,242.0,,287 € - 813 €,7749,4597,1789,671,329,364,182,18,2,Ciutat Vella / El Port Vell / Barceloneta,41.36861,2.190032,True,True,True,True,True,True,True,473,2020-10-28 19:23:04.248364
Travelodge Barcelona Fira,3.0,3.5,354.0,,52 € - 166 €,234,77,72,49,19,17,15,66,7,Barcelona,41.352612,2.133542,False,True,True,True,False,True,False,83,2020-10-28 19:23:07.290522
Gran Hotel La Florida,5.0,4.0,212.0,,135 € - 295 €,1482,793,362,132,97,98,37,6014,1062,Barcelona,41.425453,2.120809,True,True,True,True,True,True,False,70,2020-10-28 19:23:10.606359
Wilson Boutique Hotel,3.0,4.5,134.0,,72 € - 224 €,1404,693,566,103,31,11,71,468,47,Sant Gervasi-Galvany,41.394268,2.150045,False,True,True,True,True,True,False,53,2020-10-28 19:23:13.035326
NH Sants Barcelona,4.0,4.0,201.0,,78 € - 178 €,1779,603,715,316,93,53,14,166,8,Les Corts de Sarrià / Les Corts,41.384602,2.137907,False,True,True,True,False,False,False,203,2020-10-28 19:23:15.857438
Pullman Barcelona Skipper,5.0,4.5,137.0,,151 € - 427 €,2985,1549,1000,283,96,57,60,70,25,Ciutat Vella / Port Olímpic / Barceloneta / Ciutadella / Vila Olimpica,41.385853,2.19502,True,True,True,True,True,True,False,222,2020-10-28 19:23:37.354289
NH Barcelona Les Corts,3.0,4.0,316.0,,68 € - 135 €,865,207,369,213,52,24,9,197,19,Les Corts de Sarrià / Les Corts,41.387367,2.136427,False,True,False,True,False,True,False,81,2020-10-28 19:23:41.222481
Hotel Praktik Èssens,,5.0,18.0,,75 € - 158 €,164,147,13,1,1,2,1,465,102,El Ensanche (Eixample) / Passeig de Gràcia / La Dreta de l'Eixample,41.390148,2.16788,False,True,False,True,False,True,False,37,2020-10-28 19:23:44.642928
Travelodge Barcelona Poblenou,1.0,3.5,307.0,,46 € - 181 €,2077,536,838,427,163,116,125,223,21,Poblenou / Sant Martí,41.399891,2.200992,False,True,True,True,False,True,False,250,2020-10-28 19:23:48.198014
Axel Hotel Barcelona & Urban Spa,4.0,4.0,111.0,,69 € - 145 €,3281,1620,890,410,221,140,54,544,93,El Ensanche (Eixample) / L'Antiga Esquerra de l'Eixample,41.387348,2.160496,True,True,True,True,True,True,False,101,2020-10-28 19:23:53.296742
H10 Madison,4.5,5.0,6.0,,126 € - 270 €,752,661,71,13,4,3,94,595,296,Ciutat Vella / Barrio Gòtico (Barri Gòtic) / El Congrés i els Indians,41.386108,2.17546,True,True,True,True,False,True,False,101,2020-10-28 19:24:09.461112
Hotel Ciutat de Sant Adria,2.0,3.5,387.0,,36 € - 59 €,242,64,74,60,31,13,28,39,6,Barcelona,41.429977,2.220304,False,True,True,True,False,True,False,24,2020-10-28 19:24:12.333231
Hotel Duquesa de Cardona,4.0,4.5,9.0,,142 € - 292 €,2701,1939,634,82,27,20,54,516,221,Ciutat Vella / Barrio Gòtico (Barri Gòtic) / El Congrés i els Indians,41.379948,2.180626,True,True,True,True,False,True,False,64,2020-10-28 19:24:15.190015
Hotel SB Diagonal Zero,4.0,4.0,349.0,,74 € - 238 €,2981,1025,1133,485,180,158,71,82,14,Sant Martí / Fòrum / El Besòs i el Maresme,41.41177,2.219365,True,True,True,True,True,True,True,262,2020-10-28 19:24:18.224363
Novotel Barcelona City,4.0,4.0,220.0,,86 € - 171 €,4621,1776,2105,506,145,89,155,120,11,El Parc i la Llacuna del Poblenou / Sant Martí / Les Glòries,41.403809,2.191149,True,True,True,True,True,True,False,264,2020-10-28 19:24:21.115236
H10 Casa Mimosa,4.5,5.0,4.0,,140 € - 282 €,787,714,58,8,4,3,60,384,82,El Ensanche (Eixample) / Passeig de Gràcia / La Dreta de l'Eixample,41.396259,2.162194,True,True,True,True,True,True,False,48,2020-10-28 19:24:24.379617
Salles Hotel Pere IV,4.0,4.0,173.0,,77 € - 173 €,375,190,115,39,18,13,92,65,14,El Parc i la Llacuna del Poblenou / Sant Martí / Ciutadella / Vila Olimpica,41.396931,2.192261,True,True,True,True,True,True,False,195,2020-10-28 19:24:27.412230
Bird House,,4.0,80.0,,26 € - 112 €,288,113,111,29,11,24,10,388,50,El Ensanche (Eixample) / Sant Antoni,41.381451,2.159246,False,False,False,True,False,True,False,16,2020-10-28 19:24:32.040611
Barcelo Raval,4.0,4.5,131.0,,113 € - 190 €,4782,2323,1761,488,133,78,136,540,141,Ciutat Vella / El Raval,41.379021,2.169597,True,True,True,True,True,True,False,186,2020-10-28 19:24:35.074198
Barcelona Hotel Colonial,4.0,4.0,313.0,,66 € - 231 €,1025,284,434,200,56,51,34,669,275,Ciutat Vella / Barrio Gòtico (Barri Gòtic) / El Congrés i els Indians,41.382381,2.180725,False,True,False,True,False,True,False,81,2020-10-28 19:24:38.296767
Internacional Ramblas Atiram Hotel,3.0,3.5,384.0,,58 € - 130 €,785,179,311,136,73,86,37,755,310,Ciutat Vella / Barrio Gòtico (Barri Gòtic) / La Rambla / El Congrés i els Indians,41.381153,2.173451,False,False,False,True,False,True,False,52,2020-10-28 19:24:41.166476
Hotel Cuatro Naciones,2.0,4.0,195.0,,76 € - 116 €,1243,394,620,173,37,19,46,646,258,Ciutat Vella / Barrio Gòtico (Barri Gòtic) / La Rambla / El Congrés i els Indians,41.379215,2.175144,False,False,False,True,False,True,False,34,2020-10-28 19:24:43.895670
Hostal Martinval,2.0,4.0,50.0,,55 € - 817 €,797,346,329,91,19,12,42,396,68,El Ensanche (Eixample) / La Dreta de l'Eixample,41.3964,2.166616,False,False,False,False,False,True,False,10,2020-10-28 19:24:47.093777
Aparthotel Atenea,4.0,4.0,262.0,,66 € - 115 €,769,213,379,126,27,24,47,155,17,Les Corts de Sarrià / Les Corts,41.386429,2.129167,False,True,True,True,False,True,False,105,2020-10-28 19:24:54.476207
Duquesa Suites Barcelona,4.0,5.0,12.0,,142 € - 287 €,889,713,152,20,2,2,28,576,220,Ciutat Vella / Barrio Gòtico (Barri Gòtic) / El Congrés i els Indians,41.381184,2.181531,True,True,False,True,False,True,False,28,2020-10-28 19:24:57.462595
Sercotel Amister Art Hotel,4.0,4.0,221.0,,72 € - 146 €,1154,494,495,107,35,23,45,268,33,El Ensanche (Eixample) / La Nova Esquerra de l'Eixample,41.384346,2.151522,True,True,False,True,False,True,False,59,2020-10-28 19:25:00.849326
Hotel Jazz,3.0,4.5,29.0,,76 € - 187 €,5312,3403,1659,192,36,23,100,526,130,El Ensanche (Eixample) / La Dreta de l'Eixample,41.386112,2.165785,True,True,False,True,False,True,False,108,2020-10-28 19:25:04.876007
Hotel Miramar Barcelona,5.0,4.0,199.0,,152 € - 283 €,1298,708,339,107,66,78,28,55,20,Montjuic / Sants-Montjuïc,41.370338,2.17156,True,True,True,True,True,True,False,75,2020-10-28 19:25:08.516852
Ibis Styles Barcelona City Bogatell,2.0,4.5,132.0,,96 € - 141 €,912,421,371,89,18,13,74,79,11,El Parc i la Llacuna del Poblenou / Sant Martí / Ciutadella / Vila Olimpica,41.394852,2.19344,True,True,False,True,False,True,False,213,2020-10-28 19:25:11.447368
Hotel Praktik Vinoteca,3.0,4.5,91.0,,56 € - 128 €,2252,1282,807,127,21,15,44,566,105,El Ensanche (Eixample) / L'Antiga Esquerra de l'Eixample,41.389297,2.162403,False,True,False,True,False,True,False,64,2020-10-28 19:25:14.200523
Apartments Sixtyfour,4.0,5.0,10.0,,124 € - 332 €,728,589,116,17,4,2,23,454,102,El Ensanche (Eixample) / Passeig de Gràcia / La Dreta de l'Eixample,41.392868,2.164553,False,False,False,False,False,True,False,19,2020-10-28 19:25:16.804533
Aparthotel Silver,3.0,4.5,96.0,,64 € - 116 €,1171,607,459,77,21,7,42,302,44,Vila de Gràcia / Gracia,41.402088,2.151142,False,True,False,True,False,True,False,49,2020-10-28 19:25:19.733701
Occidental Atenea Mar - Adults only,4.0,4.0,190.0,,92 € - 179 €,2313,947,857,309,121,79,47,53,8,Diagonal Mar i el Front Marítim del Poblenou / Sant Martí,41.402493,2.212221,True,True,True,True,True,True,False,191,2020-10-28 19:25:22.530787
H10 Marina Barcelona Hotel,4.0,4.0,236.0,,73 € - 213 €,3077,1250,1250,357,130,90,137,97,9,La Vila Olímpica del Poblenou / Sant Martí / Ciutadella / Vila Olimpica,41.392918,2.192717,True,True,True,True,True,True,False,235,2020-10-28 19:25:29.471637
H10 Cubik,4.5,4.5,25.0,,120 € - 283 €,1302,1029,207,44,8,14,55,461,169,Ciutat Vella / Barrio Gòtico (Barri Gòtic) / El Congrés i els Indians,41.388023,2.173152,True,True,True,True,False,True,False,101,2020-10-28 19:25:33.252203
Alimara Barcelona Hotel,4.0,4.0,315.0,,52 € - 131 €,1027,257,499,174,52,45,21,15,8,La Vall d'Hebron / Horta-Guinardó,41.434025,2.147445,False,True,True,True,True,True,False,156,2020-10-28 19:25:54.752975
Hotel 1898,4.0,4.5,19.0,,116 € - 267 €,5675,4330,1034,179,70,62,133,647,257,Ciutat Vella / La Rambla / El Raval,41.383476,2.171058,True,True,True,True,True,False,False,169,2020-10-28 19:25:57.985549
Moderno Hotel Bcn,3.0,3.5,379.0,,87 € - 361 €,995,207,414,218,86,70,25,748,290,Ciutat Vella / La Rambla / El Raval,41.381157,2.172872,False,False,False,True,False,True,False,57,2020-10-28 19:26:05.068404
Tryp Barcelona Apolo Hotel,4.0,4.0,239.0,,86 € - 209 €,4225,1222,1747,808,265,184,131,288,69,Sants-Montjuïc / El Poble-sec,41.374767,2.170388,False,True,False,True,False,False,False,314,2020-10-28 19:26:08.422720
Sunotel Junior,2.0,3.5,376.0,,50 € - 107 €,381,53,155,113,40,20,37,344,23,El Ensanche (Eixample) / L'Antiga Esquerra de l'Eixample,41.390095,2.147397,True,True,True,True,False,True,False,34,2020-10-28 19:26:11.957498
Leonardo Hotel Barcelona Las Ramblas,3.0,4.0,225.0,,66 € - 159 €,765,296,332,81,22,34,44,650,226,Ciutat Vella / El Raval,41.380066,2.171172,True,True,False,True,False,True,False,110,2020-10-28 19:26:14.806908
Hotel Barcelona 1882,4.0,5.0,24.0,,110 € - 216 €,372,308,54,6,2,2,33,265,33,El Camp d'en Grassot i Gràcia Nova / Gracia,41.404224,2.169722,True,True,False,True,True,True,False,182,2020-10-28 19:26:17.996769
Barcelo Sants,4.0,4.5,123.0,,95 € - 223 €,4770,2315,1787,431,145,93,83,210,25,Sants-Montjuïc / Sants,41.378792,2.139654,False,True,True,True,True,True,False,378,2020-10-28 19:26:21.366981
Casa Gracia,2.0,4.0,61.0,,48 € - 127 €,1642,849,474,163,83,73,41,435,85,Vila de Gràcia / Gracia,41.397175,2.159252,False,True,False,True,False,True,False,146,2020-10-28 19:26:24.148494
Mercure Barcelona Condor,4.0,4.0,297.0,,69 € - 130 €,488,152,188,103,32,13,12,213,20,Sant Gervasi-Galvany,41.399868,2.144936,False,False,False,True,False,True,False,78,2020-10-28 19:26:28.972133
Majestic Hotel & Spa Barcelona,5.0,4.5,76.0,,195 € - 306 €,3066,2209,602,143,65,47,71,450,100,El Ensanche (Eixample) / Passeig de Gràcia / La Dreta de l'Eixample,41.39352,2.164095,True,True,True,True,True,True,False,275,2020-10-28 19:26:57.587916
Hotel & Spa Villa Olimpica Suites,4.5,3.5,318.0,,71 € - 155 €,906,219,389,146,63,89,44,62,14,El Parc i la Llacuna del Poblenou / Sant Martí / Ciutadella / Vila Olimpica,41.39735,2.192487,True,True,True,True,True,True,False,150,2020-10-28 19:27:00.523993
Santa Marta Hotel,2.0,4.0,163.0,,49 € - 140 €,574,230,255,58,14,17,43,409,127,"Ciutat Vella / Sant Pere / Sant Pere, Santa Caterina i la Ribera",41.383537,2.185224,False,False,False,True,False,True,False,66,2020-10-28 19:27:03.605250
Hotel Catalonia Park Güell,3.0,3.5,355.0,,43 € - 113 €,1271,238,472,315,141,105,32,18,13,El Coll / Gracia,41.414253,2.144828,True,True,True,True,False,True,False,139,2020-10-28 19:27:06.838759
Hotel Ciutat de Barcelona,3.0,4.0,209.0,,49 € - 133 €,1418,548,649,148,39,34,63,544,247,"Ciutat Vella / Sant Pere / Sant Pere, Santa Caterina i la Ribera / El Born / La Ribera",41.385902,2.181055,True,True,True,True,False,True,False,78,2020-10-28 19:27:10.942493
Hotel Acta Azul Barcelona,3.0,4.0,314.0,,59 € - 150 €,533,147,254,89,24,19,14,162,32,Sants-Montjuïc / Hostafrancs,41.373077,2.145975,False,False,False,True,False,True,False,31,2020-10-28 19:27:14.151268
Hostalin Barcelona,2.0,4.0,127.0,,33 € - 96 €,100,34,37,20,4,5,6,269,32,El Ensanche (Eixample) / La Dreta de l'Eixample,41.396542,2.175483,False,False,False,False,False,True,False,7,2020-10-28 19:27:16.864311
Hotel SB Icaria Barcelona,4.0,4.0,301.0,,68 € - 220 €,1975,554,913,330,111,67,54,0,0,La Vila Olímpica del Poblenou / Sant Martí / Ciutadella / Vila Olimpica,41.393681,2.199376,True,True,True,True,True,True,True,180,2020-10-28 19:27:19.458642
Hotel Rec Barcelona,3.0,5.0,11.0,,75 € - 156 €,1162,986,146,22,5,3,67,272,99,"Ciutat Vella / Sant Pere / Sant Pere, Santa Caterina i la Ribera / El Born / La Ribera",41.390289,2.180148,True,True,True,True,False,True,False,99,2020-10-28 19:27:22.083048
Yurbban Passage Hotel & Spa,4.0,5.0,10.0,,118 € - 232 €,611,536,57,13,3,2,31,453,153,"Ciutat Vella / Sant Pere / Sant Pere, Santa Caterina i la Ribera / El Born / La Ribera",41.388741,2.17599,True,True,True,True,True,True,False,60,2020-10-28 19:27:25.607750
Hostal Fernando,2.0,4.0,48.0,,60 € - 113 €,833,250,419,114,30,20,25,775,331,Ciutat Vella / Barrio Gòtico (Barri Gòtic) / El Congrés i els Indians,41.381474,2.175402,False,False,True,True,False,True,False,38,2020-10-28 19:27:28.411769
Aparthotel Mariano Cubi,4.0,4.0,253.0,,73 € - 165 €,659,231,272,83,40,34,19,333,35,Sant Gervasi-Galvany,41.398193,2.149508,False,False,False,True,False,True,False,69,2020-10-28 19:27:31.509648
Hotel Barcelona House,3.0,3.5,350.0,,40 € - 129 €,1711,391,752,360,129,79,91,649,272,Ciutat Vella / Barrio Gòtico (Barri Gòtic) / El Congrés i els Indians,41.379444,2.17589,False,False,False,True,False,True,False,57,2020-10-28 19:27:34.557425
Bcn Urban Hotels Gran Ducat,3.0,3.5,359.0,,66 € - 158 €,723,101,290,205,68,59,9,465,138,El Ensanche (Eixample) / Plaça de Catalunya / Passeig de Gràcia / La Dreta de l'Eixample,41.388744,2.17171,False,False,False,True,False,True,False,64,2020-10-28 19:27:37.605315
May Ramblas Hotel,3.0,3.5,382.0,,58 € - 182 €,167,50,61,29,12,15,11,772,327,Ciutat Vella / Barrio Gòtico (Barri Gòtic) / La Rambla / El Congrés i els Indians,41.381687,2.173425,False,False,False,False,False,True,False,42,2020-10-28 19:27:40.455751
El Avenida Palace,4.0,4.0,144.0,,82 € - 212 €,2953,1352,994,377,134,96,98,478,112,El Ensanche (Eixample) / Passeig de Gràcia / Rambla de Catalunya / La Dreta de l'Eixample,41.389065,2.167363,True,True,True,True,False,True,False,153,2020-10-28 19:27:43.442864
Aparthotel Senator,3.0,3.5,431.0,,66 € - 189 €,136,27,47,32,11,19,1,190,22,Sant Gervasi-Galvany,41.398464,2.14264,False,False,False,True,False,True,False,20,2020-10-28 19:27:49.054296
Hotel Amrey Sant Pau,2.0,4.0,298.0,,47 € - 143 €,883,250,396,174,33,30,36,112,15,Horta-Guinardó / El Guinardó,41.413963,2.177573,False,True,True,True,False,True,False,93,2020-10-28 19:27:55.200260
Catalonia Mikado Hotel,3.0,4.0,308.0,,56 € - 141 €,414,118,165,86,23,22,6,27,4,Sant Gervasi-La Bonanova,41.403347,2.126999,True,True,True,True,True,True,True,68,2020-10-28 19:28:08.107454
Grupotel Gran Via 678,4.0,4.0,210.0,,85 € - 170 €,1050,447,443,114,30,16,46,403,59,El Ensanche (Eixample) / La Dreta de l'Eixample,41.392471,2.172728,True,True,True,True,False,True,False,98,2020-10-28 19:28:11.055968
H10 Metropolitan,4.5,4.5,35.0,,129 € - 254 €,1171,890,215,41,17,8,76,483,124,El Ensanche (Eixample) / Plaça de Catalunya / La Dreta de l'Eixample,41.387657,2.167501,True,True,False,True,False,True,False,85,2020-10-28 19:28:14.019512
H10 Port Vell,4.5,4.5,48.0,,109 € - 212 €,1262,929,269,46,10,8,67,477,155,"Ciutat Vella / Sant Pere / Sant Pere, Santa Caterina i la Ribera / El Port Vell",41.381588,2.183778,True,True,True,True,True,True,False,58,2020-10-28 19:28:24.226776
Hotel Midmost,4.0,4.5,72.0,,100 € - 175 €,581,411,127,29,12,2,21,529,129,Ciutat Vella / El Raval,41.385796,2.165903,True,True,False,True,False,True,True,56,2020-10-28 19:28:35.372820
Abba Garden Hotel,4.0,3.5,1.0,,63 € - 113 €,569,116,208,156,56,33,32,33,4,Pedralbes,41.385376,2.102009,True,True,True,True,True,True,False,138,2020-10-28 19:28:38.407011
Hotel Praktik Bakery,3.0,4.5,94.0,,57 € - 135 €,2764,1606,877,200,51,30,55,380,86,El Ensanche (Eixample) / La Dreta de l'Eixample,41.396275,2.163167,False,False,False,True,False,True,False,74,2020-10-28 19:28:45.576434
Negresco Princess Hotel,4.0,4.5,160.0,,80 € - 172 €,1234,738,357,87,29,23,78,412,105,El Ensanche (Eixample) / La Dreta de l'Eixample,41.390461,2.172653,True,True,True,True,True,True,False,129,2020-10-28 19:28:53.250017
Hotel Arc La Rambla,3.0,4.5,118.0,,60 € - 147 €,3382,0,0,0,0,0,128,531,195,Ciutat Vella / La Rambla / El Raval,41.378201,2.1756,False,False,False,True,False,True,False,98,2020-10-28 19:28:56.633669
Hotel Colón,4.0,4.5,77.0,,135 € - 266 €,2640,1435,889,199,72,45,97,689,322,Ciutat Vella / Barrio Gòtico (Barri Gòtic) / El Congrés i els Indians,41.38501,2.175836,True,True,True,True,False,True,False,129,2020-10-28 19:29:08.493055
The Hipstel Paseo de Gracia,2.0,4.0,136.0,,29 € - 283 €,720,307,210,99,54,50,3,487,105,El Ensanche (Eixample) / Passeig de Gràcia / Rambla de Catalunya / La Dreta de l'Eixample,41.392265,2.162981,False,False,False,False,False,False,False,20,2020-10-28 19:29:11.272122
Hotel Regina Barcelona,4.0,4.5,365.0,,94 € - 184 €,37,24,9,2,0,2,51,516,154,El Ensanche (Eixample) / Plaça de Catalunya / La Dreta de l'Eixample,41.38591,2.168043,False,True,False,True,False,True,False,99,2020-10-28 19:29:14.624449
Fairmont Rey Juan Carlos I,5.0,4.5,166.0,,146 € - 363 €,1705,971,409,184,74,67,40,10,3,La Maternitat i Sant Ramon,41.38121,2.10898,True,True,True,True,True,False,False,432,2020-10-28 19:29:17.529901
,2.0,4.0,,,58 € - 124 €,2137,786,1136,185,24,7,44,218,31,El Ensanche (Eixample) / El Fort Pienc,41.398434,2.177935,False,False,False,True,False,True,False,71,2020-10-28 19:29:20.956723
Guesthouse Barcelona Gotic,,4.5,41.0,,37 € - 91 €,626,287,249,63,17,10,26,653,302,Ciutat Vella / Barrio Gòtico (Barri Gòtic) / El Congrés i els Indians,41.380524,2.178309,False,False,False,True,False,False,False,28,2020-10-28 19:29:27.404715
"Cotton House Hotel, Autograph Collection",5.0,4.5,64.0,,228 € - 407 €,1590,1226,214,93,24,33,119,400,64,El Ensanche (Eixample) / La Dreta de l'Eixample,41.391685,2.171747,True,True,True,True,True,True,False,83,2020-10-28 19:29:37.193429
Hotel Praktik Rambla,3.0,4.5,102.0,,65 € - 148 €,2483,1400,835,175,48,25,34,496,112,El Ensanche (Eixample) / Rambla de Catalunya / La Dreta de l'Eixample,41.389057,2.165915,False,False,False,False,False,True,False,43,2020-10-28 19:29:40.336116
Hotel The Serras,5.0,5.0,1.0,,289 € - 553 €,1522,1420,86,13,3,0,58,505,206,Ciutat Vella / Barrio Gòtico (Barri Gòtic) / El Congrés i els Indians,41.380169,2.181014,True,True,True,True,True,True,False,28,2020-10-28 19:29:43.689326
SmartRoom Barcelona,2.0,4.5,150.0,,55 € - 112 €,507,247,195,47,11,7,54,77,16,Sants-Montjuïc / Sants,41.371799,2.136636,False,False,False,True,False,True,False,55,2020-10-28 19:29:46.914727
Hotel Pulitzer,4.0,4.5,106.0,,107 € - 193 €,2537,1336,913,204,46,38,40,521,156,El Ensanche (Eixample) / Plaça de Catalunya / La Dreta de l'Eixample,41.385849,2.168515,False,True,True,True,False,True,False,91,2020-10-28 19:29:51.878704
Hilton Diagonal Mar Barcelona,4.0,4.0,240.0,,125 € - 283 €,3916,1754,1322,460,217,164,108,89,16,Diagonal Mar i el Front Marítim del Poblenou / Sant Martí / Diagonal Mar,41.40844,2.217146,True,True,True,True,True,True,False,433,2020-10-28 19:29:55.669104
Sunotel Club Central,4.0,4.0,321.0,,63 € - 141 €,565,134,245,132,34,20,20,525,89,El Ensanche (Eixample) / L'Antiga Esquerra de l'Eixample,41.3881,2.156727,True,True,False,True,False,True,False,88,2020-10-28 19:30:11.902845
Hotel Continental Barcelona,3.0,4.0,202.0,,86 € - 190 €,1255,449,498,183,72,53,54,620,215,Ciutat Vella / Barrio Gòtico (Barri Gòtic) / La Rambla / El Congrés i els Indians,41.385082,2.170642,False,True,False,True,False,True,False,35,2020-10-28 19:30:15.319663
Hotel Suizo,3.0,4.0,231.0,,57 € - 145 €,520,175,251,55,20,19,51,823,349,Ciutat Vella / Barrio Gòtico (Barri Gòtic) / El Congrés i els Indians,41.383804,2.178439,False,True,False,True,False,True,False,50,2020-10-28 19:30:18.655475
Seventy Barcelona,4.0,5.0,2.0,,116 € - 213 €,331,311,17,3,0,0,12,410,89,El Ensanche (Eixample) / La Dreta de l'Eixample,41.397861,2.16161,True,True,True,True,True,True,False,152,2020-10-28 19:30:26.742242
Hotel Barcelona Universal,4.0,4.5,60.0,,84 € - 166 €,5181,2866,1825,356,86,48,144,368,71,Ciutat Vella / El Raval,41.37516,2.168423,True,True,True,True,True,True,False,167,2020-10-28 19:30:41.300154
NH Collection Barcelona Gran Hotel Calderón,4.0,4.5,92.0,,148 € - 239 €,1199,781,279,79,32,28,9,501,114,El Ensanche (Eixample) / Passeig de Gràcia / Rambla de Catalunya / La Dreta de l'Eixample,41.389397,2.166138,True,True,True,True,True,True,False,255,2020-10-28 19:30:51.711162
Hotel Actual,3.0,4.5,155.0,,85 € - 183 €,597,258,267,53,13,6,28,400,87,El Ensanche (Eixample) / Passeig de Gràcia / La Dreta de l'Eixample,41.395939,2.160836,False,False,False,True,False,True,False,35,2020-10-28 19:30:54.914085
Hotel Teatre Auditori,3.0,4.0,117.0,,62 € - 123 €,1244,492,537,157,35,23,37,93,17,El Ensanche (Eixample) / El Fort Pienc,41.399841,2.184093,False,False,False,True,False,True,False,53,2020-10-28 19:31:01.821537
Hotel Ronda Lesseps,3.0,3.0,432.0,,48 € - 102 €,491,62,157,117,68,87,3,63,19,Vallcarca i els Penitents / Gracia,41.408852,2.147922,False,True,True,True,False,True,False,60,2020-10-28 19:31:08.492867
Catalonia Portal de l'Angel,3.0,4.5,108.0,,93 € - 190 €,1552,890,500,100,32,30,75,659,272,Ciutat Vella / Barrio Gòtico (Barri Gòtic) / El Congrés i els Indians,41.385532,2.172984,True,True,True,True,False,True,False,84,2020-10-28 19:31:11.318414
Atlas Hotel,3.0,3.5,407.0,,47 € - 135 €,251,31,104,67,30,19,6,767,322,Ciutat Vella / Barrio Gòtico (Barri Gòtic) / La Rambla / El Congrés i els Indians,41.381916,2.173306,False,False,False,True,False,True,False,20,2020-10-28 19:31:13.935056
Arc House,2.0,3.5,182.0,,22 € - 78 €,386,115,120,66,38,47,1,150,48,El Parc i la Llacuna del Poblenou / Sant Martí / Ciutadella / Vila Olimpica,41.391186,2.184347,False,False,False,False,False,True,False,5,2020-10-28 19:31:17.309849
Exe Ramblas Boqueria,3.0,4.0,283.0,,91 € - 180 €,473,148,213,72,20,20,6,753,295,Ciutat Vella / La Rambla / El Raval,41.382153,2.172142,False,False,True,True,False,True,False,30,2020-10-28 19:31:20.064893
Capri by Fraser Barcelona,4.0,4.5,143.0,,74 € - 143 €,1265,590,512,104,31,28,63,63,15,El Parc i la Llacuna del Poblenou / Sant Martí,41.397743,2.188899,False,True,True,True,True,True,False,97,2020-10-28 19:31:26.701964
B-Hotel,3.0,4.5,53.0,,84 € - 190 €,2805,1598,936,201,49,23,90,228,31,El Ensanche (Eixample) / La Nova Esquerra de l'Eixample,41.376488,2.150509,True,True,False,True,False,True,False,84,2020-10-28 19:31:29.922573
Hostal Bcn 46,2.0,3.5,263.0,,29 € - 91 €,144,30,52,32,12,18,2,424,72,El Ensanche (Eixample) / La Dreta de l'Eixample,41.392338,2.169989,False,False,False,False,False,True,False,10,2020-10-28 19:31:33.236641
Catalonia Rigoletto,4.0,4.5,129.0,,82 € - 168 €,843,412,320,62,23,26,14,94,13,La Maternitat i Sant Ramon,41.385651,2.125351,True,True,True,True,True,True,False,65,2020-10-28 19:31:48.019943
Hostal MiMi Las Ramblas,1.0,3.5,210.0,,41 € - 187 €,115,37,40,17,8,13,3,639,247,Ciutat Vella / La Rambla / El Raval,41.379108,2.174336,False,False,False,True,False,False,False,10,2020-10-28 19:31:52.234919
H10 Montcada Boutique Hotel,3.0,4.5,68.0,,106 € - 210 €,2494,1356,890,156,63,29,83,781,346,"Ciutat Vella / Sant Pere / Sant Pere, Santa Caterina i la Ribera / El Born / La Ribera",41.384258,2.178467,False,True,True,True,False,True,False,79,2020-10-28 19:31:56.108241
WOW! Hostel Barcelona,2.0,3.5,368.0,,27 € - 84 €,133,32,34,34,11,22,3,474,45,El Ensanche (Eixample) / L'Antiga Esquerra de l'Eixample,41.393696,2.148275,False,False,False,True,False,False,False,20,2020-10-28 19:31:59.546578
Madanis Hotel,4.0,4.0,215.0,,62 € - 178 €,524,209,223,65,17,11,15,100,15,Barcelona,41.376915,2.121365,False,True,True,True,False,True,False,30,2020-10-28 19:32:02.788778
La França Travellers,2.0,3.5,409.0,,53 € - 101 €,38,10,19,3,1,5,1,194,34,Sants-Montjuïc / El Poble-sec,41.372231,2.157352,False,False,False,True,False,True,False,23,2020-10-28 19:32:05.638118
Vincci Maritimo Barcelona,4.0,4.0,181.0,,68 € - 246 €,1351,485,585,196,52,34,16,95,6,Diagonal Mar i el Front Marítim del Poblenou / Sant Martí / Diagonal Mar,41.408085,2.212055,False,True,True,True,False,True,False,144,2020-10-28 19:32:50.962578
Hostal Natura Barcelona,2.0,4.0,104.0,,51 € - 123 €,134,60,45,13,8,8,2,430,75,El Ensanche (Eixample) / La Dreta de l'Eixample,41.392223,2.170003,False,False,False,False,False,True,False,7,2020-10-28 19:33:04.814334
NH Collection Constanza,4.0,4.5,85.0,,104 € - 187 €,2598,1340,1002,177,50,30,44,195,17,Les Corts de Sarrià / Les Corts,41.388889,2.136083,True,True,True,True,True,True,False,308,2020-10-28 19:33:08.844907
Hotel Barcelona Center,4.5,4.0,145.0,,75 € - 259 €,1515,627,622,184,47,35,40,539,116,El Ensanche (Eixample) / L'Antiga Esquerra de l'Eixample,41.391579,2.159383,False,True,True,True,True,True,False,132,2020-10-28 19:33:12.270325
Hotel Catalonia Sagrada Familia,3.0,4.0,299.0,,52 € - 135 €,1751,457,762,331,107,95,43,116,15,Sant Martí / El Camp de l'Arpa del Clot,41.407742,2.185135,True,True,True,True,True,True,False,205,2020-10-28 19:33:15.545953
H10 Catalunya Plaza,3.0,4.5,54.0,,106 € - 222 €,1009,642,278,47,23,19,40,488,133,El Ensanche (Eixample) / Plaça de Catalunya / La Dreta de l'Eixample,41.387024,2.168635,False,True,True,True,False,True,False,46,2020-10-28 19:33:20.971370
Ibis Barcelona Centro,2.0,4.0,154.0,,79 € - 134 €,2019,771,988,205,29,25,56,317,48,El Ensanche (Eixample) / La Sagrada Família,41.400833,2.172517,False,True,True,True,False,True,True,80,2020-10-28 19:33:24.872050
Hotel Gótico,4.0,4.0,264.0,,65 € - 202 €,375,138,150,53,15,19,21,837,363,Ciutat Vella / Barrio Gòtico (Barri Gòtic) / El Congrés i els Indians,41.383484,2.178284,False,False,False,True,False,True,False,81,2020-10-28 19:33:28.019494
NH Collection Barcelona Pódium,4.0,4.5,59.0,,121 € - 213 €,1126,752,299,57,11,7,36,269,76,El Ensanche (Eixample) / La Dreta de l'Eixample,41.391624,2.177928,True,True,True,True,True,False,False,140,2020-10-28 19:33:31.942085
Apart-Suites Hostemplo,3.0,4.5,57.0,,57 € - 203 €,408,238,127,26,7,10,11,310,47,El Ensanche (Eixample) / La Dreta de l'Eixample,41.40078,2.172046,False,False,False,True,False,True,False,25,2020-10-28 19:33:36.578352
Hotel Front Maritim,4.0,3.5,374.0,,73 € - 920 €,1174,242,409,344,117,62,42,46,7,Diagonal Mar i el Front Marítim del Poblenou / Sant Martí,41.403824,2.213772,False,True,True,True,True,True,False,177,2020-10-28 19:33:40.866043
Buba House,1.0,3.5,186.0,,30 € - 73 €,190,41,90,31,16,12,2,539,105,El Ensanche (Eixample) / Rambla de Catalunya / La Dreta de l'Eixample,41.390591,2.16264,False,False,False,True,False,False,False,16,2020-10-28 19:33:44.702111
Hotel Ibis Styles Barcelona Center,2.0,4.5,110.0,,83 € - 113 €,1221,622,487,85,17,10,53,326,68,El Ensanche (Eixample) / La Dreta de l'Eixample,41.397751,2.165645,False,True,False,True,False,True,True,83,2020-10-28 19:33:49.208080
Hostal Colkida,2.0,4.0,56.0,,58 € - 125 €,452,197,170,55,16,15,9,427,76,El Ensanche (Eixample) / La Dreta de l'Eixample,41.392963,2.168912,False,False,False,False,False,False,False,20,2020-10-28 19:33:53.499383
Holiday Inn Express Barcelona City 22,3.0,3.5,340.0,,69 € - 140 €,1877,350,896,477,90,64,74,190,17,Poblenou / Sant Martí,41.401787,2.197844,False,False,False,True,False,True,False,186,2020-10-28 19:34:05.032244
Atenea Calabria Apartaments,3.0,4.0,249.0,,63 € - 166 €,937,268,476,143,32,19,44,249,29,El Ensanche (Eixample) / La Nova Esquerra de l'Eixample,41.380646,2.152785,False,False,False,True,False,True,False,80,2020-10-28 19:34:13.422626
Hesperia Barcelona Fira Suites,5.0,4.0,211.0,,69 € - 224 €,526,218,214,57,24,13,38,16,8,Barcelona,41.346691,2.107989,False,True,True,True,True,True,False,52,2020-10-28 19:34:16.562392
Hotel SB Glow,4.0,3.5,360.0,,81 € - 179 €,535,186,149,87,55,58,24,101,16,El Parc i la Llacuna del Poblenou / Sant Martí / Les Glòries,41.40213,2.19097,True,True,True,True,True,True,True,235,2020-10-28 19:34:19.795349
Be Ramblas Hotel,1.0,3.5,405.0,,46 € - 108 €,290,43,97,97,29,24,7,471,140,Ciutat Vella / El Raval,41.37748,2.172476,False,False,False,False,False,True,False,28,2020-10-28 19:34:27.353688
Hotel Sansi Pedralbes,4.0,4.0,362.0,,155 € - 619 €,194,94,50,25,3,22,3,42,17,Pedralbes,41.393574,2.111772,False,True,True,True,False,True,False,65,2020-10-28 19:34:30.628610
Residencia Erasmus Gracia,2.0,4.0,127.0,,32 € - 78 €,721,188,330,130,38,35,21,219,43,Vila de Gràcia / Gracia,41.406086,2.153121,False,False,False,True,False,True,False,51,2020-10-28 19:34:34.153238
Hotel Sagrada Familia Apartments,,4.0,306.0,,90 € - 193 €,17,7,6,4,0,0,1,329,42,El Ensanche (Eixample) / La Sagrada Família,41.404148,2.17249,False,False,False,False,False,True,False,8,2020-10-28 19:34:37.635081
NH Barcelona Eixample,3.0,4.0,244.0,,71 € - 138 €,1199,370,540,203,55,31,19,351,58,El Ensanche (Eixample) / L'Antiga Esquerra de l'Eixample,41.386086,2.154121,False,True,False,True,False,False,False,81,2020-10-28 19:34:44.733659
Pension Ciudadela,1.0,4.0,91.0,,37 € - 89 €,224,54,105,41,13,11,2,396,147,"Ciutat Vella / Sant Pere / Sant Pere, Santa Caterina i la Ribera / El Born / La Ribera",41.384697,2.184776,False,False,False,False,False,True,False,10,2020-10-28 19:34:48.263528
Catalonia Barcelona Plaza,4.0,4.0,232.0,,94 € - 228 €,3439,1529,1081,458,214,157,62,215,27,Sants-Montjuïc / Hostafrancs,41.375496,2.148495,True,True,True,True,True,True,False,347,2020-10-28 19:34:52.216733
Hotel Ingles,1.0,4.0,324.0,,52 € - 140 €,442,102,207,94,18,21,8,778,327,Ciutat Vella / Barrio Gòtico (Barri Gòtic) / El Congrés i els Indians,41.381477,2.173919,False,False,False,False,False,True,False,31,2020-10-28 19:34:55.694968
Hotel Denit Barcelona,3.0,4.5,358.0,,75 € - 171 €,58,38,14,5,1,0,29,508,198,Ciutat Vella / Barrio Gòtico (Barri Gòtic) / El Congrés i els Indians,41.387112,2.172584,False,True,False,True,False,True,False,36,2020-10-28 19:35:00.284553
Yurbban Trafalgar Hotel,3.0,5.0,20.0,,86 € - 185 €,1514,1198,268,38,7,3,103,453,145,"Ciutat Vella / Sant Pere / Sant Pere, Santa Caterina i la Ribera / El Born / La Ribera",41.388897,2.176158,True,True,True,True,True,True,False,56,2020-10-28 19:35:03.764624
Hotel Silken Ramblas Barcelona,4.0,3.5,286.0,,91 € - 203 €,1260,327,516,247,104,66,26,633,217,Ciutat Vella / El Raval,41.382915,2.170052,True,False,True,True,False,True,False,105,2020-10-28 19:35:13.682988
H La Paloma,2.0,4.0,177.0,,53 € - 98 €,154,46,69,24,4,11,9,448,82,Ciutat Vella / El Raval,41.382072,2.16407,False,False,False,False,False,True,False,33,2020-10-28 19:35:17.409130
Hotel Europark,3.0,4.5,21.0,,72 € - 150 €,5124,3376,1500,189,40,19,204,389,56,El Ensanche (Eixample) / La Dreta de l'Eixample,41.396236,2.170033,True,True,False,True,True,True,False,105,2020-10-28 19:35:21.255234
Generator Barcelona,1.0,4.5,81.0,,55 € - 125 €,2014,1075,612,180,63,84,106,379,90,Vila de Gràcia / Gracia,41.399178,2.162635,False,True,True,True,False,True,False,154,2020-10-28 19:35:25.003363
Hotel Lloret Ramblas,1.0,4.0,296.0,,66 € - 129 €,1399,356,626,278,85,54,46,631,219,Ciutat Vella / La Rambla / El Raval,41.384869,2.170327,False,False,False,True,False,True,False,60,2020-10-28 19:35:28.156121
Alma Barcelona,5.0,4.5,15.0,,220 € - 414 €,2285,1864,322,66,16,18,44,400,100,El Ensanche (Eixample) / Passeig de Gràcia / La Dreta de l'Eixample,41.394505,2.163266,True,True,True,True,True,True,False,72,2020-10-28 19:35:31.997277
Sunotel Central,4.0,3.5,357.0,,64 € - 146 €,999,212,372,248,95,72,28,470,77,El Ensanche (Eixample) / Sant Antoni,41.384232,2.161678,True,True,True,True,False,True,False,80,2020-10-28 19:35:35.624410
Market Hotel,3.0,4.0,341.0,,69 € - 217 €,1058,290,472,182,78,36,19,387,52,El Ensanche (Eixample) / Sant Antoni,41.379284,2.160558,False,True,True,True,False,True,False,33,2020-10-28 19:35:44.221261
Hotel Brummell,3.0,5.0,28.0,,103 € - 182 €,691,569,102,18,2,0,50,221,51,Sants-Montjuïc / El Poble-sec,41.3717,2.166552,True,True,True,True,False,True,False,22,2020-10-28 19:35:48.594630
Eurostars Grand Marina Hotel,5.0,4.0,322.0,,121 € - 236 €,2724,1219,894,318,144,149,63,46,16,Ciutat Vella / El Port Vell / El Raval,41.371788,2.181014,True,True,True,True,True,True,False,291,2020-10-28 19:35:51.770498
Hotel Silken St. Gervasi,3.0,4.0,276.0,,47 € - 116 €,628,183,291,108,23,23,36,140,15,Sant Gervasi-La Bonanova,41.404728,2.138844,False,True,True,True,False,True,True,63,2020-10-28 19:35:55.761781
Abba Sants Hotel,4.0,4.0,339.0,,65 € - 144 €,763,190,339,176,35,23,31,160,13,Sants-Montjuïc / Sants,41.382511,2.140179,False,True,True,True,False,True,False,140,2020-10-28 19:35:59.234139
Midtown Apartments,4.0,5.0,4.0,,134 € - 350 €,404,353,47,0,1,3,50,398,72,El Ensanche (Eixample) / La Dreta de l'Eixample,41.391392,2.173034,True,False,False,False,False,True,False,30,2020-10-28 19:36:03.242446
Residencia Universitaria Barcelona Diagonal,,4.0,282.0,,55 € - 102 €,20,9,5,4,2,0,3,59,10,Sarrià,41.392986,2.125119,True,True,True,True,True,True,False,188,2020-10-28 19:36:10.814508
Hotel BESTPRICE Diagonal,1.0,4.0,47.0,,52 € - 117 €,301,127,130,29,9,6,16,55,6,Diagonal Mar i el Front Marítim del Poblenou / Sant Martí,41.409866,2.209661,False,False,False,False,False,True,False,32,2020-10-28 19:36:14.222047
El Palace Hotel,5.0,4.5,7.0,,218 € - 559 €,2248,1835,287,72,33,21,54,404,74,El Ensanche (Eixample) / La Dreta de l'Eixample,41.391403,2.171472,True,True,True,True,True,True,False,120,2020-10-28 19:36:18.110988
BCN Home Guest House,,4.0,146.0,,41 € - 91 €,36,11,16,5,3,1,5,652,219,Ciutat Vella / El Raval,41.379833,2.17154,False,False,False,False,False,True,False,15,2020-10-28 19:36:25.499168
Hotel Villa Emilia,4.0,4.5,57.0,,85 € - 165 €,2567,1695,703,124,24,21,83,270,32,El Ensanche (Eixample) / La Nova Esquerra de l'Eixample,41.380306,2.153996,False,True,True,True,False,True,True,53,2020-10-28 19:36:33.039227
Hotel Auto Hogar,3.0,3.5,335.0,,59 € - 132 €,1861,367,744,413,162,176,58,335,69,Ciutat Vella / El Raval,41.375107,2.169188,False,False,True,True,False,True,False,153,2020-10-28 19:36:40.593801
Hotel Royal Passeig de Gracia,4.0,4.5,113.0,,82 € - 178 €,2097,1293,566,136,53,50,56,386,104,El Ensanche (Eixample) / Passeig de Gràcia / La Dreta de l'Eixample,41.394588,2.162386,False,True,True,True,False,True,False,124,2020-10-28 19:36:45.280453
Hilton Barcelona,4.0,4.0,196.0,,107 € - 252 €,2524,1076,932,340,117,59,90,189,17,Les Corts de Sarrià / Les Corts,41.388664,2.131488,False,True,True,True,True,True,False,290,2020-10-28 19:36:48.635547
ibis Barcelona Pza Glories 22,2.0,4.0,243.0,,66 € - 104 €,2418,654,1308,362,64,30,87,151,11,El Parc i la Llacuna del Poblenou / Sant Martí,41.401207,2.194134,False,True,False,True,False,True,True,147,2020-10-28 19:36:52.389909
THE HOTEL 592,,4.5,86.0,,56 € - 113 €,93,51,32,5,1,4,5,535,117,El Ensanche (Eixample) / La Dreta de l'Eixample,41.386406,2.164467,False,True,False,False,False,True,False,4,2020-10-28 19:36:55.510502
Hotel Zenit Borrell,4.0,4.0,306.0,,57 € - 124 €,646,158,307,133,31,17,12,265,35,El Ensanche (Eixample) / La Nova Esquerra de l'Eixample,41.386177,2.151713,False,True,True,True,False,True,False,74,2020-10-28 19:37:00.173312
Guitart Grand Passage,4.0,4.0,294.0,,88 € - 171 €,240,94,87,30,15,14,10,489,51,El Ensanche (Eixample) / L'Antiga Esquerra de l'Eixample,41.393578,2.150489,False,True,False,True,False,True,False,45,2020-10-28 19:37:03.722284
Eurostars Anglí,4.0,4.0,334.0,,71 € - 150 €,482,133,202,97,23,27,5,32,6,Sarrià,41.403179,2.123305,True,True,True,True,False,True,False,48,2020-10-28 19:37:07.655382
Albergue Studio Hostel,1.5,4.0,85.0,,31 € - 84 €,153,51,70,24,5,3,7,46,8,Sarrià,41.400078,2.118984,False,False,False,True,False,True,False,20,2020-10-28 19:37:15.651611
La Ciudadela,1.0,4.0,203.0,,55 € - 94 €,338,109,170,43,9,7,7,221,100,"Ciutat Vella / Sant Pere / Sant Pere, Santa Caterina i la Ribera / Ciutadella / Vila Olimpica",41.389534,2.18392,False,True,True,False,False,True,False,13,2020-10-28 19:37:19.118364
Hotel Royal Ramblas,4.0,4.0,139.0,,75 € - 188 €,2245,966,933,222,71,53,63,638,233,Ciutat Vella / La Rambla / El Raval,41.384274,2.170475,False,True,False,True,False,True,False,122,2020-10-28 19:37:22.612422
Gràcia City Hostel,1.0,4.5,82.0,,90 € - 974 €,445,290,87,25,22,21,5,453,94,Vila de Gràcia / Gracia,41.399086,2.157717,False,True,False,False,False,True,False,13,2020-10-28 19:37:26.992304
Hotel Balmoral,4.0,4.0,230.0,,65 € - 168 €,986,352,416,136,47,35,17,446,75,Sant Gervasi-Galvany,41.39613,2.155008,False,True,True,True,True,True,False,103,2020-10-28 19:37:34.698905
Vincci Mae,4.0,4.5,112.0,,85 € - 223 €,299,175,98,17,4,5,6,399,41,Sant Gervasi-Galvany,41.393391,2.146173,True,True,True,True,False,True,False,85,2020-10-28 19:37:37.986190
BCN Urban Hotels Gran Ronda,3.0,3.5,336.0,,65 € - 147 €,830,174,385,182,52,37,21,465,74,El Ensanche (Eixample) / Sant Antoni,41.383114,2.163425,False,False,False,True,False,True,False,65,2020-10-28 19:37:41.111228
St Christopher's Inn Barcelona,1.5,4.0,98.0,,65 € - 308 €,1286,600,404,155,62,65,15,517,137,El Ensanche (Eixample) / Plaça de Catalunya / La Dreta de l'Eixample,41.386089,2.167628,False,True,True,True,False,True,False,47,2020-10-28 19:37:44.349218
Hostalin Barcelona Gran Via,3.0,4.5,29.0,,39 € - 114 €,216,130,69,13,2,2,8,383,57,El Ensanche (Eixample) / La Dreta de l'Eixample,41.393429,2.173345,False,False,False,False,False,True,False,10,2020-10-28 19:37:49.122021
Hotel Ciutadella Barcelona,4.0,4.0,311.0,,68 € - 337 €,633,168,282,132,30,21,29,450,152,"Ciutat Vella / Sant Pere / Sant Pere, Santa Caterina i la Ribera",41.383923,2.184519,False,False,False,True,False,True,False,59,2020-10-28 19:37:52.950590
Best Western Premier Hotel Dante,4.0,4.5,99.0,,71 € - 167 €,1546,754,635,120,20,18,73,549,97,El Ensanche (Eixample) / L'Antiga Esquerra de l'Eixample,41.389431,2.156508,False,True,True,True,False,True,False,80,2020-10-28 19:37:57.560374
Oriente Atiram,3.0,4.0,266.0,,65 € - 165 €,2125,684,890,341,114,96,109,697,274,Ciutat Vella / La Rambla / El Raval,41.379875,2.174258,False,True,True,True,False,True,False,147,2020-10-28 19:38:00.785871
Catalonia Roma,3.0,3.5,319.0,,63 € - 157 €,474,114,203,96,30,31,17,175,21,El Ensanche (Eixample) / La Nova Esquerra de l'Eixample,41.381912,2.145828,True,True,False,True,False,True,False,49,2020-10-28 19:38:03.817529
HG City Suites Barcelona,3.0,4.5,217.0,,79 € - 169 €,92,63,25,0,1,3,4,269,31,Sant Gervasi-Galvany,41.400917,2.149802,False,False,False,False,False,True,False,72,2020-10-28 19:38:07.378768
Hostalin Barcelona Passeig de Gracia,3.0,4.0,95.0,,47 € - 113 €,86,42,33,6,0,5,4,414,105,El Ensanche (Eixample) / Passeig de Gràcia / La Dreta de l'Eixample,41.393822,2.163375,False,False,False,False,False,True,True,9,2020-10-28 19:38:11.145187
Hotel Petit Palace Boqueria Garden,4.0,4.0,104.0,,98 € - 273 €,2419,1046,858,294,133,88,54,768,317,Ciutat Vella / Barrio Gòtico (Barri Gòtic) / El Congrés i els Indians,41.381218,2.174103,False,True,False,True,False,True,False,114,2020-10-28 19:38:14.819919
The Level at Meliá Barcelona Sky,5.0,4.5,156.0,,153 € - 305 €,839,507,197,71,27,37,53,140,16,Poblenou / Sant Martí,41.406303,2.200802,True,True,True,True,True,True,False,99,2020-10-28 19:38:19.477232
Aparthotel Bertran,3.0,4.0,178.0,,52 € - 114 €,299,111,144,28,9,7,17,59,12,El Putxet i el Farró,41.410374,2.139731,True,False,False,False,True,True,False,30,2020-10-28 19:38:22.821378
Ilunion Barcelona,4.0,4.0,287.0,,75 € - 194 €,1665,492,753,267,93,60,37,188,17,Poblenou / Sant Martí,41.398983,2.202341,True,True,True,True,True,True,False,224,2020-10-28 19:38:26.163291
Hotel Derby,4.0,4.0,267.0,,66 € - 156 €,880,290,326,181,53,30,25,207,17,Les Corts de Sarrià / Les Corts,41.389847,2.14199,True,True,True,True,False,True,False,116,2020-10-28 19:38:29.964403
Boutique Hostemplo Sagrada Familia,3.0,4.5,185.0,,56 € - 163 €,188,97,62,19,5,5,1,330,41,El Ensanche (Eixample) / La Sagrada Família,41.401253,2.173444,False,False,False,True,False,True,False,14,2020-10-28 19:38:41.174998
Forget me not Plus,,4.5,20.0,,61 € - 142 €,260,168,77,8,5,2,5,507,104,El Ensanche (Eixample) / L'Antiga Esquerra de l'Eixample,41.393196,2.157366,False,False,False,True,False,True,False,14,2020-10-28 19:38:51.952015
Hostal Boutique Khronos,3.0,4.5,24.0,,40 € - 146 €,572,345,175,38,9,5,22,395,77,El Ensanche (Eixample) / La Dreta de l'Eixample,41.396034,2.16538,False,False,False,True,False,True,False,9,2020-10-28 19:38:55.391998
Vincci Gala,4.0,4.5,80.0,,87 € - 227 €,923,549,305,55,9,5,27,384,116,El Ensanche (Eixample) / La Dreta de l'Eixample / El Born / La Ribera,41.389599,2.174709,False,True,True,True,False,True,False,78,2020-10-28 19:38:59.093802
Hostal Felipe II,2.0,3.0,316.0,,44 € - 95 €,252,45,64,72,33,38,3,323,59,El Ensanche (Eixample) / La Dreta de l'Eixample,41.398365,2.168189,False,False,False,False,False,True,False,21,2020-10-28 19:39:02.180112
Hotel Catalonia Passeig de Gracia,4.5,4.5,65.0,,115 € - 241 €,1375,957,329,59,20,10,52,453,103,El Ensanche (Eixample) / Plaça de Catalunya / Passeig de Gràcia / La Dreta de l'Eixample,41.390106,2.169671,True,True,True,True,True,True,True,74,2020-10-28 19:39:05.641881
House by Pillow,1.5,4.0,124.0,,55 € - 132 €,79,36,24,10,6,3,1,61,21,Horta-Guinardó / El Guinardó,41.420883,2.17897,False,False,False,False,False,True,False,5,2020-10-28 19:39:13.778423
The 8 Boutique B&B,3.0,5.0,3.0,,130 € - 256 €,202,165,32,3,2,0,12,442,90,El Ensanche (Eixample) / Passeig de Gràcia / La Dreta de l'Eixample,41.393349,2.165947,False,False,False,True,False,True,False,8,2020-10-28 19:39:16.821340
Casa Kessler Barcelona,1.0,4.5,26.0,,18 € - 361 €,311,235,56,12,3,5,11,563,110,El Ensanche (Eixample) / L'Antiga Esquerra de l'Eixample,41.390438,2.159343,False,False,False,False,False,True,False,7,2020-10-28 19:39:19.873924
Ohla Eixample,5.0,4.5,44.0,,198 € - 296 €,667,504,127,25,5,6,36,478,92,El Ensanche (Eixample) / La Dreta de l'Eixample,41.394424,2.156406,True,True,True,True,True,True,False,94,2020-10-28 19:39:23.539785
Hostal Petit Príncep,2.0,4.0,129.0,,37 € - 68 €,83,25,34,15,7,2,2,471,45,Sant Gervasi-Galvany,41.393784,2.148236,False,False,False,False,False,True,False,11,2020-10-28 19:39:26.651634
Hotel Olivia Balmes,4.0,4.5,16.0,,111 € - 272 €,3340,2618,641,60,9,12,96,526,111,El Ensanche (Eixample) / L'Antiga Esquerra de l'Eixample,41.392174,2.158486,True,True,True,True,True,True,False,128,2020-10-28 19:39:31.034974
La Casa Gran B&B,3.0,5.0,6.0,,83 € - 145 €,281,234,38,6,2,1,9,479,53,El Ensanche (Eixample) / L'Antiga Esquerra de l'Eixample,41.393822,2.1501,False,False,False,True,False,False,False,4,2020-10-28 19:39:38.193713
Hotel Granados 83,4.5,4.5,69.0,,102 € - 212 €,1738,1037,521,125,39,17,36,533,99,El Ensanche (Eixample) / L'Antiga Esquerra de l'Eixample,41.39183,2.156713,True,True,True,True,True,True,False,77,2020-10-28 19:39:41.519256
Grand Hotel Central,5.0,4.5,17.0,,217 € - 336 €,3008,2310,542,104,28,24,77,721,329,"Ciutat Vella / Sant Pere / Sant Pere, Santa Caterina i la Ribera / El Born / La Ribera",41.384933,2.177631,True,True,True,True,True,True,False,146,2020-10-28 19:39:45.027355
Kimpton Vividora Hotel,,4.5,377.0,,147 € - 312 €,19,14,4,1,0,0,2,678,289,Ciutat Vella / Barrio Gòtico (Barri Gòtic) / El Congrés i els Indians,41.384632,2.172771,True,True,True,True,True,True,True,156,2020-10-28 19:39:48.798925
Hostal Radio Barcelona,2.0,3.5,130.0,,32 € - 112 €,424,66,157,132,30,39,7,456,81,Ciutat Vella / El Raval,41.382259,2.164173,False,False,False,False,False,False,False,36,2020-10-28 19:39:52.026506
Hotel Rialto,3.0,3.5,392.0,,54 € - 3.928 €,2140,243,824,656,226,191,57,797,344,Ciutat Vella / Barrio Gòtico (Barri Gòtic) / El Congrés i els Indians,41.381939,2.176489,False,True,True,True,False,True,False,205,2020-10-28 19:39:55.328178
Arenas Atiram Hotels,4.0,3.5,381.0,,64 € - 136 €,308,76,102,68,34,28,9,98,8,Pedralbes,41.39053,2.126485,False,True,False,True,False,True,True,63,2020-10-28 19:39:59.473281
Sant Jordi Hostels Rock Palace,3.0,4.5,35.0,,22 € - 107 €,453,341,85,11,6,10,9,537,113,El Ensanche (Eixample) / L'Antiga Esquerra de l'Eixample,41.390392,2.16078,True,True,False,False,False,True,False,20,2020-10-28 19:40:03.479761
Hotel Ohla Barcelona,5.0,4.5,32.0,,213 € - 326 €,2151,1528,450,125,29,19,64,498,242,Ciutat Vella / Barrio Gòtico (Barri Gòtic) / El Congrés i els Indians,41.387051,2.174584,True,True,True,True,True,True,False,74,2020-10-28 19:40:07.681869
CoolRooms Maldà,,5.0,6.0,,112 € - 227 €,89,80,7,2,0,0,7,773,322,Ciutat Vella / Barrio Gòtico (Barri Gòtic) / El Congrés i els Indians,41.383186,2.173671,False,True,False,False,False,True,False,17,2020-10-28 19:40:11.054102
Room Mate Carla,4.0,4.5,56.0,,86 € - 167 €,710,472,192,34,7,5,33,386,71,El Ensanche (Eixample) / La Dreta de l'Eixample,41.396339,2.166154,False,True,False,True,False,True,False,88,2020-10-28 19:40:14.444286
Hostal BCN Ramblas,2.0,3.5,216.0,,39 € - 134 €,160,50,56,26,8,20,2,756,305,Ciutat Vella / Barrio Gòtico (Barri Gòtic) / La Rambla / El Congrés i els Indians,41.382164,2.172436,False,False,False,False,False,True,False,16,2020-10-28 19:40:18.277019
Bed&Bike Barcelona,2.0,4.5,27.0,,36 € - 130 €,272,202,59,8,2,1,1,252,30,El Ensanche (Eixample) / La Dreta de l'Eixample,41.397152,2.176201,False,False,False,False,False,True,False,9,2020-10-28 19:40:21.375378
Fabrizzio's Petit,2.0,5.0,25.0,,31 € - 142 €,305,256,37,7,3,2,6,432,69,El Ensanche (Eixample) / La Dreta de l'Eixample,41.39378,2.170031,False,False,False,True,False,True,False,8,2020-10-28 19:40:25.541812
AMRA BARCELONA GRAN VIA,3.0,4.0,366.0,,55 € - 145 €,189,83,64,21,9,12,10,396,59,El Ensanche (Eixample) / La Dreta de l'Eixample,41.392502,2.173017,False,False,False,True,False,True,False,10,2020-10-28 19:40:29.307075
Quartprimera Apartments,4.0,5.0,14.0,,159 € - 464 €,150,128,20,2,0,0,10,429,92,El Ensanche (Eixample) / Passeig de Gràcia / La Dreta de l'Eixample,41.396263,2.161526,False,False,False,False,False,True,False,5,2020-10-28 19:40:32.777568
Gallery Hotel,4.5,4.5,14.0,,118 € - 216 €,2345,1638,589,95,12,15,40,428,92,El Ensanche (Eixample) / Passeig de Gràcia / Rambla de Catalunya / La Dreta de l'Eixample,41.395077,2.159359,True,True,True,True,True,True,False,110,2020-10-28 19:40:37.921538
Paseo De Gracia Bas Apartments,4.0,5.0,12.0,,117 € - 267 €,555,465,70,12,4,4,33,451,100,El Ensanche (Eixample) / Passeig de Gràcia / La Dreta de l'Eixample,41.39143,2.168341,False,False,False,False,False,True,False,13,2020-10-28 19:40:41.747477
Room Mate Gerard,4.0,4.5,40.0,,93 € - 184 €,383,299,65,13,3,3,18,318,83,El Ensanche (Eixample) / La Dreta de l'Eixample,41.391613,2.176222,True,True,False,True,True,True,False,66,2020-10-28 19:40:52.063128
Casa Bonay,4.0,4.5,83.0,,80 € - 194 €,533,350,128,37,11,7,18,351,53,El Ensanche (Eixample) / La Dreta de l'Eixample,41.393692,2.174159,False,True,True,True,False,True,True,67,2020-10-28 19:40:58.996913
Leonardo Boutique Hotel Barcelona Sagrada Familia,3.0,4.5,141.0,,59 € - 148 €,1783,853,743,136,31,20,79,121,12,Sant Martí / El Camp de l'Arpa del Clot,41.411022,2.185682,False,False,False,True,False,True,False,66,2020-10-28 19:41:06.202945
Hostel One Sants,2.0,4.5,75.0,,19 € - 99 €,188,130,43,7,6,2,3,85,13,Sants-Montjuïc / Sants-Badal,41.374371,2.130399,False,True,False,True,False,True,False,10,2020-10-28 19:41:09.590514
Catalonia Ramblas,4.5,4.0,162.0,,107 € - 245 €,1980,937,692,195,79,77,50,511,135,Ciutat Vella / El Raval,41.385368,2.166924,True,True,True,True,True,True,False,221,2020-10-28 19:41:17.939114
Hostal Argo Barcelona,,4.5,44.0,,57 € - 121 €,363,186,118,36,15,8,6,389,61,El Ensanche (Eixample) / La Dreta de l'Eixample,41.396145,2.167736,False,False,False,False,False,True,False,13,2020-10-28 19:41:21.866385
Continental Palacete,3.0,4.0,192.0,,79 € - 168 €,585,254,208,66,32,25,27,503,113,El Ensanche (Eixample) / Passeig de Gràcia / Rambla de Catalunya / La Dreta de l'Eixample,41.389481,2.165849,False,True,False,True,False,True,False,19,2020-10-28 19:41:25.729588
Hotel Banys Orientals,3.0,4.0,229.0,,78 € - 176 €,1099,413,446,132,76,32,16,713,301,"Ciutat Vella / Sant Pere / Sant Pere, Santa Caterina i la Ribera / El Born / La Ribera",41.38369,2.180025,False,True,True,True,False,True,False,43,2020-10-28 19:41:29.419901
Hotel Arts Barcelona,5.0,4.5,130.0,,302 € - 637 €,5591,3633,1202,440,172,144,88,110,30,Ciutat Vella / Port Olímpic / Barceloneta / Ciutadella / Vila Olimpica,41.386749,2.196823,True,True,True,True,True,True,False,483,2020-10-28 19:41:33.485919
U232 Hotel,4.0,4.5,81.0,,76 € - 154 €,3792,2281,1185,221,70,35,87,334,23,El Ensanche (Eixample) / L'Antiga Esquerra de l'Eixample,41.389523,2.149031,False,True,False,True,False,True,False,105,2020-10-28 19:41:37.459110
BcnStop Parc Guell,3.0,4.5,63.0,,50 € - 135 €,214,137,63,8,5,1,0,51,24,Vallcarca i els Penitents / Gracia,41.409519,2.14726,False,False,False,False,False,True,True,6,2020-10-28 19:41:41.031297
Ayre Hotel Rosellon,4.0,4.5,109.0,,88 € - 190 €,2011,1071,699,150,59,32,72,337,40,El Ensanche (Eixample) / La Sagrada Família,41.404778,2.172872,False,True,True,True,False,True,False,105,2020-10-28 19:41:44.352093
Hostal Sol y K,,4.5,74.0,,69 € - 135 €,202,135,51,10,5,1,6,745,336,Ciutat Vella / Barrio Gòtico (Barri Gòtic) / El Congrés i els Indians,41.381081,2.177423,False,False,False,False,False,False,False,14,2020-10-28 19:41:48.711475
Hotel Atlantis by Atbcn,3.0,4.0,159.0,,64 € - 148 €,839,267,462,90,10,10,13,527,127,Ciutat Vella / El Raval,41.385624,2.166249,False,True,False,True,False,True,False,50,2020-10-28 19:41:51.964361
Catalonia Plaza Cataluña,4.0,4.0,152.0,,96 € - 230 €,1875,895,634,183,91,72,39,520,141,El Ensanche (Eixample) / Plaça de Catalunya / La Dreta de l'Eixample,41.386269,2.168141,True,True,True,True,False,True,False,150,2020-10-28 19:41:55.310078
Meliã Barcelona Sky,4.0,4.0,237.0,,102 € - 208 €,1427,673,441,154,81,78,64,150,16,Poblenou / Sant Martí,41.406204,2.201032,True,True,True,True,True,True,False,162,2020-10-28 19:41:59.803441
Vincci Bit,4.0,4.5,168.0,,67 € - 198 €,1668,750,694,177,24,23,51,74,5,Diagonal Mar i el Front Marítim del Poblenou / Sant Martí,41.411636,2.211971,True,True,True,True,True,True,False,177,2020-10-28 19:42:08.693092
H10 Raco del Pi,3.0,4.0,138.0,,94 € - 202 €,1183,530,494,99,33,27,47,773,327,Ciutat Vella / Barrio Gòtico (Barri Gòtic) / El Congrés i els Indians,41.383362,2.173829,False,True,False,True,False,True,False,37,2020-10-28 19:42:11.890695
Ayre Hotel Gran Via,4.0,4.5,98.0,,78 € - 176 €,2132,986,903,188,34,21,35,166,33,Sants-Montjuïc / La Font de la Guatlla,41.373219,2.147441,False,True,True,False,False,True,False,188,2020-10-28 19:42:15.458286
Petit Hotel,2.0,4.5,40.0,,58 € - 107 €,251,131,90,22,4,4,5,316,33,Sant Gervasi-Galvany,41.396973,2.146278,False,False,False,True,False,True,False,4,2020-10-28 19:42:19.387775
Citadines Ramblas Barcelona,3.0,4.0,222.0,,89 € - 230 €,1364,539,595,156,44,30,78,649,262,Ciutat Vella / Barrio Gòtico (Barri Gòtic) / La Rambla / El Congrés i els Indians,41.383854,2.171473,False,False,False,True,False,True,False,131,2020-10-28 19:42:23.616738
Hotel Upper Diagonal,4.0,4.5,103.0,,91 € - 144 €,639,395,195,33,8,8,5,41,12,Sarrià,41.390411,2.121664,False,True,True,False,True,True,False,39,2020-10-28 19:42:26.846390
Catalonia Eixample 1864,4.0,4.0,213.0,,80 € - 171 €,1322,495,523,179,68,57,32,423,75,El Ensanche (Eixample) / La Dreta de l'Eixample,41.393467,2.16865,True,True,True,True,True,True,True,124,2020-10-28 19:42:30.561764
Andante Hotel,3.0,4.5,89.0,,73 € - 162 €,2326,1247,889,152,27,11,88,401,118,Ciutat Vella / El Raval,41.376629,2.172587,True,False,False,True,True,False,False,134,2020-10-28 19:42:33.740082
Hotel Astoria,3.0,4.0,95.0,,69 € - 138 €,1611,726,613,207,44,21,55,522,75,El Ensanche (Eixample) / L'Antiga Esquerra de l'Eixample,41.393997,2.153488,True,True,True,True,False,True,True,117,2020-10-28 19:42:37.694522
Hotel H10 Universitat,4.0,4.0,167.0,,88 € - 170 €,1818,795,719,189,66,49,53,512,124,El Ensanche (Eixample) / Plaça de Catalunya / La Dreta de l'Eixample,41.386837,2.166647,False,True,True,True,False,True,False,94,2020-10-28 19:42:41.864234
Abba Rambla Hotel,3.0,4.0,226.0,,68 € - 151 €,532,162,262,80,25,3,21,501,116,Ciutat Vella / El Raval,41.379185,2.168547,False,True,False,True,False,True,False,49,2020-10-28 19:42:45.288559
Primavera Hostel,1.0,4.5,48.0,,38 € - 113 €,346,244,74,19,4,5,9,322,56,El Ensanche (Eixample) / La Dreta de l'Eixample,41.398365,2.168619,False,False,False,False,False,False,False,7,2020-10-28 19:42:48.882578
Hotel Grums,4.0,4.0,189.0,,84 € - 159 €,1365,487,599,196,56,28,31,163,38,Sants-Montjuïc / El Poble-sec,41.372871,2.171946,True,True,True,True,True,True,False,78,2020-10-28 19:42:52.803744
AC Hotel Victoria Suites,4.0,4.0,151.0,,122 € - 235 €,423,197,159,45,16,6,33,40,13,Pedralbes,41.389423,2.12147,False,True,True,True,True,True,False,53,2020-10-28 19:43:00.393954
HCC Montblanc,3.0,4.0,198.0,,85 € - 156 €,1760,558,809,293,56,44,86,454,179,Ciutat Vella / Barrio Gòtico (Barri Gòtic) / El Congrés i els Indians,41.387783,2.173379,True,True,True,True,False,True,False,157,2020-10-28 19:43:04.444863
Diagonal House,1.0,4.0,141.0,,25 € - 93 €,347,102,138,60,16,31,3,414,90,El Ensanche (Eixample) / La Dreta de l'Eixample,41.39703,2.161663,False,False,False,False,False,True,False,9,2020-10-28 19:43:16.412436
Catalonia Atenas Hotel,4.0,4.0,280.0,,64 € - 130 €,2084,596,847,345,159,137,89,113,12,Sant Martí / El Camp de l'Arpa del Clot,41.410976,2.186668,True,True,True,True,True,True,True,201,2020-10-28 19:43:19.720839
Bonanova,3.0,4.0,331.0,,51 € - 114 €,160,59,67,24,7,3,1,126,15,Sant Gervasi-La Bonanova,41.405434,2.136432,False,False,False,False,True,False,False,21,2020-10-28 19:43:23.322001
Hotel Catalonia Castellnou,3.0,4.0,247.0,,47 € - 117 €,533,181,216,89,31,16,7,61,6,Les Tres Torres,41.396587,2.12865,False,False,True,True,False,True,True,49,2020-10-28 19:43:30.463506
HLG CityPark Pelayo Hotel,2.0,3.5,364.0,,57 € - 138 €,410,94,162,80,42,32,8,526,125,El Ensanche (Eixample) / La Dreta de l'Eixample,41.386021,2.165272,False,False,False,True,False,True,False,48,2020-10-28 19:43:33.684510
ILUNION Bel Art,4.0,4.0,292.0,,69 € - 141 €,264,96,92,48,16,12,17,136,22,Horta-Guinardó / El Baix Guinardó,41.41021,2.169577,False,False,True,True,False,True,False,94,2020-10-28 19:43:38.395756
Hotel Cortes,2.0,4.0,305.0,,61 € - 135 €,664,148,323,136,34,23,28,610,229,Ciutat Vella / Barrio Gòtico (Barri Gòtic) / El Congrés i els Indians,41.385494,2.17166,False,False,False,True,False,True,False,46,2020-10-28 19:43:42.454817
Deco - Born Apartments,3.0,4.5,147.0,,111 € - 299 €,129,69,43,7,1,9,19,493,178,"Ciutat Vella / Sant Pere / Sant Pere, Santa Caterina i la Ribera / El Born / La Ribera",41.384239,2.183622,False,False,False,False,False,True,False,11,2020-10-28 19:43:50.482646
Eurostars BCN Design,5.0,3.5,351.0,,106 € - 239 €,832,260,266,175,74,57,12,464,108,El Ensanche (Eixample) / Passeig de Gràcia / La Dreta de l'Eixample,41.390888,2.166076,False,True,False,True,True,True,False,70,2020-10-28 19:43:53.738220
BacHome Barcelona B&B,,4.5,78.0,,56 € - 140 €,140,78,43,8,4,7,5,427,53,El Ensanche (Eixample) / La Dreta de l'Eixample,41.395157,2.168945,False,True,False,True,False,True,False,7,2020-10-28 19:43:57.902503
Cosmo Apartments Passeig De Gracia,4.0,4.5,148.0,,73 € - 209 €,127,71,33,15,3,5,9,449,95,El Ensanche (Eixample) / Passeig de Gràcia / La Dreta de l'Eixample,41.393593,2.165153,False,False,False,False,False,True,True,20,2020-10-28 19:44:01.247001
Hotel Aneto,1.0,3.5,353.0,,41 € - 921 €,541,84,244,145,43,25,14,623,199,Ciutat Vella / El Raval,41.382202,2.16962,False,False,False,False,False,True,False,27,2020-10-28 19:44:05.573182
Fabrizzios Terrace Barcelona,,4.5,90.0,,25 € - 121 €,147,94,39,9,2,3,3,404,58,El Ensanche (Eixample) / La Dreta de l'Eixample,41.39352,2.172625,False,False,False,True,False,False,False,5,2020-10-28 19:44:10.123914
Blue Barcelona Bed & Breakfast,3.0,4.0,107.0,,67 € - 130 €,175,101,38,17,7,12,9,331,39,Sant Gervasi-Galvany,41.400253,2.151383,False,False,False,True,False,True,False,10,2020-10-28 19:44:13.315427
Hotel del Mar,3.0,4.0,275.0,,57 € - 239 €,836,174,444,153,38,27,52,486,146,"Ciutat Vella / Sant Pere / Sant Pere, Santa Caterina i la Ribera / El Port Vell",41.382095,2.184116,False,False,False,True,False,True,False,72,2020-10-28 19:44:16.909708
Mercer House Bória BCN,4.0,4.0,320.0,,137 € - 302 €,271,127,86,29,13,16,7,740,328,"Ciutat Vella / Sant Pere / Sant Pere, Santa Caterina i la Ribera / El Born / La Ribera",41.384701,2.179059,False,False,False,True,False,True,False,11,2020-10-28 19:44:20.872225
Hotel Paseo De Gracia,1.0,4.0,67.0,,79 € - 131 €,251,79,115,35,12,10,10,400,89,El Ensanche (Eixample) / Passeig de Gràcia / La Dreta de l'Eixample,41.395828,2.160983,False,False,False,True,False,True,False,33,2020-10-28 19:44:28.602429
Bcn Urban Hotels Del Comte,2.0,4.0,290.0,,56 € - 139 €,706,191,358,99,32,26,11,382,61,El Ensanche (Eixample) / La Nova Esquerra de l'Eixample,41.382813,2.157174,False,False,False,True,False,True,False,48,2020-10-28 19:44:32.529710
Barcelona Princess,4.0,4.0,279.0,,74 € - 216 €,3568,1502,1384,421,143,119,105,83,15,Diagonal Mar i el Front Marítim del Poblenou / Sant Martí / Diagonal Mar,41.411068,2.218752,True,True,True,True,True,True,False,363,2020-10-28 19:44:36.336467
Hesperia Sant Joan,3.0,4.0,272.0,,51 € - 120 €,1015,303,460,183,47,22,126,52,5,Barcelona,41.373234,2.070631,True,True,True,True,True,True,False,128,2020-10-28 19:44:41.066929
Exe Mitre,3.0,4.0,337.0,,50 € - 124 €,568,129,254,126,36,23,15,117,18,El Putxet i el Farró,41.405025,2.140588,False,False,False,True,False,True,False,57,2020-10-28 19:44:45.146410
Aparthotel Mayerling Abamita,3.0,5.0,303.0,,65 € - 197 €,49,42,5,2,0,0,7,357,90,El Ensanche (Eixample) / La Dreta de l'Eixample,41.391079,2.175192,False,True,False,False,False,True,False,9,2020-10-28 19:44:48.523928
Be Mate Paseo de Gracia,,5.0,88.0,,70 € - 173 €,38,37,1,0,0,0,0,437,88,Vila de Gràcia / Gracia,41.396908,2.158591,False,False,False,False,False,True,False,25,2020-10-28 19:44:52.461178
NH Barcelona Stadium,4.0,4.0,255.0,,76 € - 151 €,910,318,365,156,46,25,11,99,16,La Maternitat i Sant Ramon,41.381207,2.126867,True,True,True,True,True,True,False,106,2020-10-28 19:44:56.254965
La Republica Apartments,4.0,4.0,123.0,,75 € - 201 €,294,122,88,43,18,23,10,71,13,Poblenou / Sant Martí / Ciutadella / Vila Olimpica,41.397923,2.195908,True,False,False,False,False,True,True,23,2020-10-28 19:44:59.765610
Hostal Lesseps,2.0,4.0,74.0,,31 € - 82 €,277,79,113,47,18,20,5,162,28,Vila de Gràcia / Gracia,41.405483,2.150615,False,False,False,False,False,False,True,15,2020-10-28 19:45:03.175642
Hotel Zenit Barcelona,4.0,4.0,332.0,,80 € - 138 €,589,148,264,112,43,22,19,399,36,Sant Gervasi-Galvany,41.39497,2.14695,False,True,True,True,True,True,False,71,2020-10-28 19:45:07.080981
Grupotel Gravina,3.0,4.0,342.0,,74 € - 151 €,1252,353,565,204,82,48,28,532,127,Ciutat Vella / El Raval,41.38554,2.165843,False,True,False,True,False,True,False,85,2020-10-28 19:45:10.192259
Barcelona Century Hotel,3.0,4.0,270.0,,52 € - 131 €,663,162,346,124,17,15,18,387,69,El Ensanche (Eixample) / L'Antiga Esquerra de l'Eixample,41.386238,2.154763,False,True,False,True,False,True,False,48,2020-10-28 19:45:21.550477
Hotel 54 Barceloneta,3.0,3.5,343.0,,71 € - 174 €,326,82,136,67,26,15,6,219,20,Ciutat Vella / Barceloneta,41.377094,2.188748,False,True,False,True,False,True,False,27,2020-10-28 19:45:25.050036
Hostal Conde Guell,1.0,4.0,115.0,,39 € - 76 €,91,30,37,18,3,3,3,114,16,La Maternitat i Sant Ramon,41.37743,2.12267,False,False,False,False,False,True,False,20,2020-10-28 19:45:31.412024
Hotel Ilunion Almirante,4.0,3.0,424.0,,84 € - 192 €,984,122,296,239,171,156,8,597,302,"Ciutat Vella / Sant Pere / Sant Pere, Santa Caterina i la Ribera / El Born / La Ribera",41.386028,2.176132,False,True,False,True,True,True,False,79,2020-10-28 19:45:38.807286
Hostal Rio de Castro,2.0,3.5,434.0,,30 € - 87 €,11,3,4,3,0,1,1,389,51,Sants-Montjuïc / Sant Antoni,41.374981,2.16074,False,False,False,False,False,True,True,10,2020-10-28 19:45:41.868411
Sagrada Familia Apartments,4.0,3.5,169.0,,98 € - 388 €,67,17,21,11,9,9,9,330,40,El Ensanche (Eixample) / La Sagrada Família,41.403343,2.173636,False,False,False,False,False,True,False,3,2020-10-28 19:45:45.805751
Hotel Lyon,1.0,3.5,402.0,,39 € - 98 €,173,30,53,57,22,11,20,448,140,"Ciutat Vella / Sant Pere / Sant Pere, Santa Caterina i la Ribera",41.383106,2.184798,False,False,False,True,False,True,False,15,2020-10-28 19:45:48.967052
Hotel La Fransa,,3.5,191.0,,53 € - 105 €,168,40,78,25,7,18,5,196,33,Sants-Montjuïc / El Poble-sec,41.372227,2.157479,False,False,False,False,False,True,False,74,2020-10-28 19:45:55.817920
Apartaments Ciutat Vella,3.0,3.5,261.0,,75 € - 172 €,70,18,25,16,7,4,7,767,323,Ciutat Vella / Barrio Gòtico (Barri Gòtic) / El Congrés i els Indians,41.382214,2.173097,False,False,False,False,False,True,False,5,2020-10-28 19:46:00.005131
Mambo Tango Youth Hostel,2.0,4.0,214.0,,26 € - 85 €,141,62,39,16,13,11,5,350,60,Sants-Montjuïc / El Poble-sec,41.374115,2.165627,False,False,False,False,False,True,False,5,2020-10-28 19:46:03.293715
Bed & Art Hostel,,3.5,337.0,,66 € - 120 €,66,21,19,10,6,10,2,389,113,El Ensanche (Eixample) / La Dreta de l'Eixample,41.389721,2.174689,False,True,True,True,False,False,True,4,2020-10-28 19:46:06.499533
Aparthotel Arai,4.0,5.0,7.0,,146 € - 263 €,923,796,103,16,4,4,37,728,328,Ciutat Vella / Barrio Gòtico (Barri Gòtic) / El Congrés i els Indians,41.380844,2.177336,True,False,False,False,True,True,False,32,2020-10-28 19:46:10.856841
Bruc & Bruc,3.0,3.5,168.0,,55 € - 117 €,45,15,5,17,3,5,1,307,39,El Ensanche (Eixample) / La Sagrada Família,41.401897,2.173449,False,False,False,False,False,False,False,6,2020-10-28 19:46:19.363980
The Corner Hotel,3.0,5.0,13.0,,95 € - 190 €,1300,1110,148,24,13,5,53,543,92,El Ensanche (Eixample) / L'Antiga Esquerra de l'Eixample,41.38905,2.156294,True,True,True,True,False,True,False,72,2020-10-28 19:46:24.096347
4 Rooms Barcelona,,4.5,346.0,,405 € - 666 €,7,5,1,1,0,0,1,571,189,Ciutat Vella / El Raval,41.378639,2.17245,False,False,False,False,False,False,False,4,2020-10-28 19:46:27.549651
Sunotel Aston,3.0,3.5,391.0,,57 € - 112 €,602,76,221,197,66,42,34,308,24,El Ensanche (Eixample) / La Nova Esquerra de l'Eixample,41.389488,2.147394,True,True,True,True,False,True,False,80,2020-10-28 19:46:31.108336
Casa Maca Guest House,2.0,3.5,112.0,,63 € - 121 €,318,104,105,54,25,30,8,340,70,El Ensanche (Eixample) / La Dreta de l'Eixample,41.397392,2.165712,False,False,False,True,False,True,False,5,2020-10-28 19:46:34.820894
Hostal Nuevo Colon,,3.5,188.0,,38 € - 71 €,285,46,123,76,15,25,10,386,142,"Ciutat Vella / Sant Pere / Sant Pere, Santa Caterina i la Ribera / El Born / La Ribera",41.385021,2.184971,False,False,False,False,False,True,False,26,2020-10-28 19:46:38.183518
Hotel Catalonia Park Putxet,4.0,3.5,386.0,,51 € - 130 €,1190,211,390,297,145,147,29,72,16,El Putxet i el Farró,41.407284,2.144298,True,True,True,True,True,True,False,151,2020-10-28 19:46:41.958499
Barcelona City Hotel (Hotel Universal),1.0,3.5,406.0,,51 € - 124 €,300,52,106,83,22,37,13,428,85,El Ensanche (Eixample) / La Dreta de l'Eixample,41.39352,2.166365,False,False,False,True,False,True,False,18,2020-10-28 19:46:45.834635
Principal B&Bcn,3.5,4.0,239.0,,63 € - 123 €,55,26,17,5,0,7,3,482,53,El Ensanche (Eixample) / L'Antiga Esquerra de l'Eixample,41.394276,2.151093,False,False,False,False,False,True,False,9,2020-10-28 19:46:50.702148
Hostal Sans,,3.5,417.0,,38 € - 70 €,47,11,16,9,6,5,0,151,26,Sants-Montjuïc / Sants,41.375301,2.135366,False,False,False,True,False,True,False,80,2020-10-28 19:46:54.768060
Occidental Diagonal 414,4.0,5.0,418.0,,103 € - 153 €,6,6,0,0,0,0,0,334,79,El Ensanche (Eixample) / La Dreta de l'Eixample,41.398079,2.16484,False,True,True,True,True,True,False,100,2020-10-28 19:46:58.370688
LK Hostel Consell de Cent,2.0,3.0,373.0,,39 € - 96 €,155,27,39,43,16,30,3,220,32,Sants-Montjuïc / Hostafrancs,41.376305,2.145606,False,False,False,False,False,False,False,12,2020-10-28 19:47:01.531443
Gaudint Barcelona Suites,,5.0,1.0,,140 € - 275 €,191,185,3,3,0,0,3,32,9,Horta-Guinardó / El Guinardó,41.419037,2.173386,True,False,False,True,False,True,False,4,2020-10-28 19:47:04.828678
My pillow,,4.5,266.0,,29 € - 93 €,13,9,3,1,0,0,2,55,16,Nou Barris / Vilapicina i la Torre Llobeta,41.428219,2.17989,False,False,False,False,False,True,False,,2020-10-28 19:47:08.299965
Expo Hotel Barcelona,4.0,3.5,373.0,,66 € - 151 €,3372,687,1300,817,343,225,148,178,20,Sants-Montjuïc / Hostafrancs,41.379257,2.143018,True,True,True,True,False,True,False,423,2020-10-28 19:47:12.739812
Cosmopolitan Boutique Hostal,2.0,3.5,123.0,,44 € - 164 €,201,70,51,38,11,31,1,478,105,El Ensanche (Eixample) / Passeig de Gràcia / Rambla de Catalunya / La Dreta de l'Eixample,41.393753,2.159981,False,False,False,True,False,False,True,8,2020-10-28 19:47:17.079513
Bas Apartments Barcelona,3.0,5.0,2.0,,103 € - 344 €,771,644,116,6,1,4,19,653,296,Ciutat Vella / Barrio Gòtico (Barri Gòtic) / El Congrés i els Indians,41.385567,2.174231,True,False,False,False,False,True,False,30,2020-10-28 19:47:28.920982
Barcelona City Seven,1.0,3.5,136.0,,36 € - 89 €,119,38,43,17,9,12,3,352,35,Sant Gervasi-Galvany,41.397541,2.147575,False,False,False,True,False,True,False,6,2020-10-28 19:47:32.579926
Exe Plaza Catalunya,5.0,3.5,142.0,,85 € - 181 €,77,20,33,10,4,10,4,516,130,El Ensanche (Eixample) / Plaça de Catalunya / La Dreta de l'Eixample,41.386795,2.167455,False,True,False,False,False,True,False,108,2020-10-28 19:47:36.238081
